 ,,TỔNG QUAN KHSX Q1,,,,,,,,SP RESTOCK,SP NEW IN,THÁNG,CHỦ LỰC,DUY TRÌ,NEWIN,PHỄU,"TỔNG SL 
(KẾ HOẠCH)",SL NHẬP KHO (THỰC TẾ),"SL CHƯA GIAO
(KẾ HOẠCH)","TIẾN ĐỘ
NHẬP KHO","TỔNG PO
(THEO MÃ MÀU)","PO TRỄ HẠN
(THEO MÃ MÀU)",TỈ LỆ GIAO HÀNG ĐÚNG TIẾN ĐỘ,PO ĐÚNG HẠN,TỔNG PO ĐANG SẢN XUẤT,TỔNG PO HOÀN THÀNH,On - time Rate NI,On - time Rate Core,
,,,,,,,,,,22,8,THÁNG 2,0,0,0,0,0,0,0,#DIV/0!,83,7,,76,0,0,"88,89%","0,9361702128",
,,,,,,,,,,,,THÁNG 3,19.369,4.400,9.300,2.000,35.069,33.584,1.485,"95,77%",,,,,,,,,
,,,,,,,,,,,,THÁNG 4,12.217,5.400,4.800,4.000,26.417,25.930,487,"98,16%",,,,,,,,,
,,Thời gian giao hàng:,,,,,,,,,,,,,,,,,,,,,,,,,,,
,,,MÔ TẢ SẢN PHẨM,,,,,,,THÔNG TIN ĐẶT HÀNG,,,,,,THÔNG TIN NHẬP KHO,,,TRẠNG THÁI GIAO HÀNG,,,THEO DÕI TIẾN ĐỘ SẢN XUẤT,,,,,,,
STT,PHÂN LOẠI ĐH,PHÂN CẤP SP,TÊN SẢN PHẨM,HÌNH ẢNH,ART/ MÃ SP,MÀU,MÃ ĐƠN ĐẶT HÀNG,ĐƠN GIÁ,TỔNG GIÁ TRỊ,SL ĐẶT HÀNG (pcs),NHÀ MÁY,TIME LINE NHẬP KHO,TUẦN,TG GH/ KIỂM FINAL,NGÀY NHẬP KHO DỰ KIẾN,NGÀY GIAO THỰC TẾ,SL NHẬP KHO/ Thực tế,% TIẾN ĐỘ NHẬP HÀNG,TRẠNG THÁI GIAO HÀNG,TRẠNG THÁI ĐƠN HÀNG,GHI CHÚ ĐƠN HÀNG,Duyệt vải,Duyệt Bo,Trạng thái đồng bộ SX,Ngày lên chuyền,Ngày dự kiến hoàn tất,KQ FINAL,VẤN ĐỀ,Tuần
3,NEW IN,NEWIN,BASIC SYMBOL,,PO88,KEM VÀNG NEW,3_PO88_KEM VÀNG NEW,112.860,112.860.000,1.000,TLN,Tháng 3,Tuần 2,13/03/2026,14/03/2026,13/03/2026,665,67%,Đúng hạn,Hoàn thành(thiếu),HOÀN THÀNH,,,,,,,,
4,NEW IN,NEWIN,BASIC SYMBOL,,PO88,KHAKI NEW,4_PO88_KHAKI NEW,112.860,90.288.000,800,TLN,Tháng 3,Tuần 2,13/03/2026,14/03/2026,12/03/2026,699,87%,Đúng hạn,Hoàn thành(thiếu),HOÀN THÀNH,,,,,,,,
5,RESTOCK,CHỦ LỰC,BASIC SYMBOL,,PO88,BE NHẠT,5_PO88_BE NHẠT,112.860,79.002.000,700,TLN,Tháng 3,Tuần 3,17/03/2026,18/03/2026,27/03/2026,781,112%,Trễ hạn,Hoàn thành,,,,,,,,,
6,RESTOCK,CHỦ LỰC,BASIC SYMBOL,,PO88,ĐẤT,6_PO88_ĐẤT,112.860,79.002.000,700,TLN,Tháng 3,Tuần 3,17/03/2026,18/03/2026,27/03/2026,666,95%,Trễ hạn,Hoàn thành(thiếu),HOÀN THÀNH,,,,,,,,
9,NEW IN,NEWIN,BASIC DIAMOND,,PO166,TRẮNG KEM,9_PO166_TRẮNG KEM,127.440,127.440.000,1.000,AT,Tháng 3,Tuần 2,10/03/2026,11/03/2026,10/03/2026,958,96%,Đúng hạn,Hoàn thành(thiếu),HOÀN THÀNH,,,,,,,,
10,NEW IN,NEWIN,BASIC DIAMOND,,PO166,BE ,10_PO166_BE ,127.440,127.440.000,1.000,AT,Tháng 3,Tuần 2,10/03/2026,11/03/2026,10/03/2026,974,97%,Đúng hạn,Hoàn thành,,,,,,,,,
11,NEW IN,NEWIN,BASIC DIAMOND,,PO166,XANH KHÓI,11_PO166_XANH KHÓI,127.440,76.464.000,600,AT,Tháng 3,Tuần 2,12/03/2026,13/03/2026,20/03/2026,563,94%,Trễ hạn,Hoàn thành(thiếu),HOÀN THÀNH,,,,,,,,
12,NEW IN,NEWIN,BASIC DIAMOND,,PO166,XANH DENIM,12_PO166_XANH DENIM,127.440,76.464.000,600,AT,Tháng 3,Tuần 2,10/03/2026,11/03/2026,10/03/2026,537,90%,Đúng hạn,Hoàn thành(thiếu),HOÀN THÀNH,,,,,,,,
13,NEW IN,NEWIN,BASIC DIAMOND,,PO166,XANH MINT,13_PO166_XANH MINT,127.440,76.464.000,600,AT,Tháng 3,Tuần 2,12/03/2026,13/03/2026,11/03/2026,579,97%,Đúng hạn,Hoàn thành(thiếu),HOÀN THÀNH,,,,,,,,
19,RESTOCK,CHỦ LỰC,BASIC SYMBOL,,PO88,ĐỎ NÂU,19_PO88_ĐỎ NÂU,112.860,90.288.000,800,TLN,Tháng 3,Tuần 2,12/03/2026,13/03/2026,12/03/2026,810,101%,Đúng hạn,Hoàn thành,,,,,,,,,
20,NEW IN,NEWIN,BASIC SYMBOL,,PO88,XÁM ĐẬM NEW,20_PO88_XÁM ĐẬM NEW,112.860,90.288.000,800,TLN,Tháng 3,Tuần 3,19/03/2026,20/03/2026,19/03/2026,817,102%,Đúng hạn,Hoàn thành,,,,,,,,,
21,NEW IN,NEWIN,BASIC SYMBOL,,PO88,NÂU NHẠT,21_PO88_NÂU NHẠT,112.860,90.288.000,800,TLN,Tháng 3,Tuần 3,19/03/2026,20/03/2026,19/03/2026,783,98%,Đúng hạn,Hoàn thành,HOÀN THÀNH,,,,,,,,
22,NEW IN,NEWIN,BASIC SYMBOL,,PO88,BE HỒNG,22_PO88_BE HỒNG,112.860,90.288.000,800,TLN,Tháng 3,Tuần 3,20/03/2026,21/03/2026,20/03/2026,751,94%,Đúng hạn,Hoàn thành(thiếu),HOÀN THÀNH,,,,,,,,
28,RESTOCK,DUY TRÌ,ASTON PMD31,,PO253,ĐEN 84,28_PO253_ĐEN 84,201.528,120.916.800,600,TLN,Tháng 3,Tuần 2,10/03/2026,11/03/2026,10/03/2026,605,101%,Đúng hạn,Hoàn thành,,,,,,,,,
29,RESTOCK,CHỦ LỰC,CLASSIC,,PO119,TRẮNG,29_PO119_TRẮNG,124.200,62.100.000,500,AT,Tháng 3,Tuần 3,17/03/2026,18/03/2026,17/03/2026,489,98%,Đúng hạn,Hoàn thành,,,,,,,,,
30,RESTOCK,CHỦ LỰC,CLASSIC,,PO119,ĐEN,30_PO119_ĐEN,124.200,62.100.000,500,AT,Tháng 4,Tuần 3,17/04/2026,18/04/2026,17/04/2026,501,100%,Đúng hạn,Hoàn thành,,,,,,,,,
31,RESTOCK,CHỦ LỰC,CLASSIC,,PO119,XÁM NHẠT,31_PO119_XÁM NHẠT,124.200,62.100.000,500,AT,Tháng 3,Tuần 3,18/03/2026,19/03/2026,18/03/2026,488,98%,Đúng hạn,Hoàn thành,,,,,,,,,
32,RESTOCK,CHỦ LỰC,CLASSIC,,PO119,KEM NHẠT,32_PO119_KEM NHẠT,124.200,62.100.000,500,AT,Tháng 3,Tuần 3,18/03/2026,19/03/2026,18/03/2026,487,97%,Đúng hạn,Hoàn thành,,,,,,,,,
34,RESTOCK,CHỦ LỰC,CLASSIC DIAMOND,,PO215,NAVY,34_PO215_NAVY,117.000,58.500.000,500,AN,Tháng 3,Tuần 4,25/03/2026,26/03/2026,25/03/2026,500,100%,Đúng hạn,Hoàn thành,,,,,,,,,
35,RESTOCK,DUY TRÌ,ZYBER,,PO210,ĐEN,35_PO210_ĐEN,145.800,72.900.000,500,AT,Tháng 3,Tuần 4,26/03/2026,27/03/2026,24/03/2026,406,81%,Đúng hạn,Hoàn thành(thiếu),HOÀN THÀNH,,,,,,,,
36,RESTOCK,CHỦ LỰC,TRAVIS,,PO98,NAVY,36_PO98_NAVY,124.200,99.360.000,800,AT,Tháng 3,Tuần 1,03/03/2026,04/03/2026,03/03/2026,434,54%,Đúng hạn,Hoàn thành(thiếu),HOÀN THÀNH,,,,,,,,
37,RESTOCK,DUY TRÌ,MAVEN,,PO230,NAVY,37_PO230_NAVY,137.160,82.296.000,600,AT,Tháng 3,Tuần 2,10/03/2026,11/03/2026,12/03/2026,587,98%,Đúng hạn,Hoàn thành,,,,,,,,"đơn 2 lót vải, duyệt 1 lót sx -> thiếu SL",
38,NEW IN,NEWIN,ZYBER,,PO210,CAFE,38_PO210_CAFE,145.800,72.900.000,500,AT,Tháng 3,Tuần 4,23/03/2026,24/03/2026,23/03/2026,430,86%,Đúng hạn,Hoàn thành(thiếu),HOÀN THÀNH,,,,,,,,
39,NEW IN,NEWIN,ZYBER,,PO210,BE NHẠT,39_PO210_BE NHẠT,145.800,116.640.000,800,AT,Tháng 3,Tuần 4,24/03/2026,25/03/2026,24/03/2026,697,87%,Đúng hạn,Hoàn thành(thiếu),HOÀN THÀNH,,,,,,,,
41,RESTOCK,CHỦ LỰC,CLASSIC,,PO119,XÁM ĐẬM ,41_PO119_XÁM ĐẬM ,124.200,99.360.000,800,AT,Tháng 3,Tuần 3,20/03/2026,21/03/2026,20/03/2026,792,99%,Đúng hạn,Hoàn thành,,,,,,,,,
42,RESTOCK,DUY TRÌ,NIVIX,,PO202,KEM NHẠT,42_PO202_KEM NHẠT,131.868,79.120.800,600,TLN,Tháng 3,Tuần 2,10/03/2026,11/03/2026,10/03/2026,585,98%,Đúng hạn,Hoàn thành,,,,,,,,,
43,RESTOCK,DUY TRÌ,ADEN,,PO105,TRẮNG,43_PO105_TRẮNG,127.656,76.593.600,600,TLN,Tháng 3,Tuần 2,09/03/2026,10/03/2026,13/03/2026,590,98%,Trễ hạn,Hoàn thành,,,,,,,,,
44,RESTOCK,CHỦ LỰC,SHORT KAKI,,PO99,BE,44_PO99_BE,112.000,89.600.000,800,LC,Tháng 3,Tuần 1,03/03/2026,04/03/2026,03/03/2026,800,100%,Đúng hạn,Hoàn thành,,,,,,,,,
45,RESTOCK,CHỦ LỰC,SHORT KAKI,,PO99,BE ĐẬM,45_PO99_BE ĐẬM,112.000,56.000.000,500,LC,Tháng 3,Tuần 1,03/03/2026,04/03/2026,03/03/2026,609,122%,Đúng hạn,Hoàn thành,,,,,,,,,
46,RESTOCK,CHỦ LỰC,SHORT KAKI,,PO99,NÂU,46_PO99_NÂU,112.000,56.000.000,500,LC,Tháng 3,Tuần 1,03/03/2026,04/03/2026,03/03/2026,365,73%,Đúng hạn,Hoàn thành(thiếu),HOÀN THÀNH,,,,,,,,
47,RESTOCK,DUY TRÌ,IRISH PMD35 ,,PO260,KEM,47_PO260_KEM,139.320,83.592.000,600,AT,Tháng 3,Tuần 1,05/03/2026,06/03/2026,04/03/2026,649,108%,Đúng hạn,Hoàn thành,,,,,,,,,
49,RESTOCK,CHỦ LỰC,BASIC SYMBOL,,PO88,TRẮNG,49_PO88_TRẮNG,112.860,50.787.000,450,TLN,Tháng 4,Tuần 1,01/04/2026,02/04/2026,01/04/2026,440,98%,Đúng hạn,Hoàn thành,,,,,,,,,
50,RESTOCK,CHỦ LỰC,BASIC SYMBOL,,PO88,ĐEN,50_PO88_ĐEN,112.860,112.860.000,1.000,TLN,Tháng 3,Tuần 3,18/03/2026,19/03/2026,31/03/2026,928,93%,Trễ hạn,Hoàn thành(thiếu),HOÀN THÀNH,,,,,,,,
51,RESTOCK,CHỦ LỰC,BASIC SYMBOL,,PO88,KEM NHẠT,51_PO88_KEM NHẠT,112.860,67.716.000,600,TLN,Tháng 3,Tuần 4,24/03/2026,25/03/2026,24/03/2026,607,101%,Đúng hạn,Hoàn thành,,,,,,,,,
52,RESTOCK,CHỦ LỰC,BASIC SYMBOL,,PO88,NAVY,52_PO88_NAVY,112.860,67.716.000,600,TLN,Tháng 3,Tuần 4,25/03/2026,26/03/2026,25/03/2026,599,100%,Đúng hạn,Hoàn thành,,,,,,,,,
53,RESTOCK,CHỦ LỰC,BASIC SYMBOL,,PO88,TRẮNG,53_PO88_TRẮNG,112.860,112.860.000,1.000,TLN,Tháng 4,Tuần 3,14/04/2026,15/04/2026,14/04/2026,995,100%,Đúng hạn,Hoàn thành,,,,,,,,,
54,RESTOCK,CHỦ LỰC,BASIC SYMBOL,,PO88,ĐEN,54_PO88_ĐEN,112.860,56.430.000,500,TLN,Tháng 4,Tuần 3,14/04/2026,15/04/2026,14/04/2026,522,104%,Đúng hạn,Hoàn thành,,,,,,,,,
55,RESTOCK,CHỦ LỰC,BASIC SYMBOL,,PO88,KEM NHẠT,55_PO88_KEM NHẠT,112.860,90.288.000,800,TLN,Tháng 4,Tuần 3,16/04/2026,17/04/2026,16/04/2026,798,100%,Đúng hạn,Hoàn thành,,,,,,,,,
56,RESTOCK,CHỦ LỰC,BASIC SYMBOL,,PO88,NAVY,56_PO88_NAVY,112.860,90.288.000,800,TLN,Tháng 4,Tuần 4,22/04/2026,23/04/2026,22/04/2026,796,100%,Đúng hạn,Hoàn thành,,,,,,,,,
57,NEW IN,NEWIN,JAY,,PO201,TRẮNG,57_PO201_TRẮNG,121.284,97.027.200,800,TLN,Tháng 4,Tuần 1,01/04/2026,02/04/2026,01/04/2026,803,100%,Đúng hạn,Hoàn thành,,,,,,,,,
58,NEW IN,NEWIN,JAY,,PO201,NAVY,58_PO201_NAVY,121.284,97.027.200,800,TLN,Tháng 4,Tuần 1,01/04/2026,02/04/2026,02/04/2026,797,100%,Đúng hạn,Hoàn thành,,,,,,,,,
59,RESTOCK,CHỦ LỰC,BASIC SYMBOL,,PO88,CAFE,59_PO88_CAFE,112.860,90.288.000,800,TLN,Tháng 3,Tuần 2,09/03/2026,10/03/2026,09/03/2026,796,100%,Đúng hạn,Hoàn thành,,,,,,,,,
60,RESTOCK,CHỦ LỰC,BASIC SYMBOL,,PO88,ĐEN,60_PO88_ĐEN,112.860,169.290.000,1.500,TLN,Tháng 3,Tuần 2,10/03/2026,11/03/2026,10/03/2026,1500,100%,Đúng hạn,Hoàn thành,,,,,,,,,
61,RESTOCK,CHỦ LỰC,BASIC SYMBOL,,PO88,NAVY,61_PO88_NAVY,112.860,45.144.000,400,TLN,Tháng 3,Tuần 2,09/03/2026,10/03/2026,09/03/2026,407,102%,Đúng hạn,Hoàn thành,,,,,,,,,
62,RESTOCK,CHỦ LỰC,CLASSIC,,PO119,ĐEN,62_PO119_ĐEN,124.200,74.520.000,600,AT,Tháng 3,Tuần 3,17/03/2026,18/03/2026,17/03/2026,575,96%,Đúng hạn,Hoàn thành(thiếu),HOÀN THÀNH,,,,,,,,
63,RESTOCK,CHỦ LỰC,BASIC DIAMOND,,PO166,NAVY,63_PO166_NAVY,127.440,101.952.000,800,AT,Tháng 3,Tuần 1,04/03/2026,05/03/2026,04/03/2026,815,102%,Đúng hạn,Hoàn thành,,,,,,,,,
64,RESTOCK,CHỦ LỰC,JEAN STRAIGHT,,PO216,XANH NHẠT,64_PO216_XANH NHẠT,180.000,360.000.000,2.000,LC,Tháng 3,Tuần 1,03/03/2026,04/03/2026,03/03/2026,1988,99%,Đúng hạn,Hoàn thành,,,,,,,,,
65,RESTOCK,CHỦ LỰC,BASIC DIAMOND,,PO166,ĐEN,65_PO166_ĐEN,127.440,63.720.000,500,AT,Tháng 3,Tuần 1,02/03/2026,03/03/2026,02/03/2026,391,78%,Đúng hạn,Hoàn thành(thiếu),HOÀN THÀNH,,,,,,,,
66,RESTOCK,CHỦ LỰC,BASIC DIAMOND,,PO166,TRẮNG,66_PO166_TRẮNG,127.440,63.720.000,500,AT,Tháng 3,Tuần 1,02/03/2026,03/03/2026,02/03/2026,451,90%,Đúng hạn,Hoàn thành(thiếu),HOÀN THÀNH,,,,,,,,
68,RESTOCK,DUY TRÌ,CLASSIC DIAMOND V2,,PO276,BE NHẠT,68_PO276_BE NHẠT,124.200,111.780.000,900,AT,Tháng 3,Tuần 1,03/03/2026,04/03/2026,03/03/2026,846,94%,Đúng hạn,Hoàn thành(thiếu),HOÀN THÀNH,,,,,,,,
69,RESTOCK,CHỦ LỰC,CLASSIC DIAMOND,,PO215,NAVY,69_PO215_NAVY,117.000,58.500.000,500,AN,Tháng 4,Tuần 1,01/04/2026,02/04/2026,01/04/2026,486,97%,Đúng hạn,Hoàn thành,,,,,,,,,
70,RESTOCK,PHỄU,VỚ LOGO,,VO5,ĐEN,70_VO5_ĐEN,15.660,15.660.000,1.000,TT,Tháng 3,Tuần 2,13/03/2026,14/03/2026,13/03/2026,1081,"108,10%",Đúng hạn,Hoàn thành,,,,,,,,,
71,RESTOCK,PHỄU,VỚ LOGO,,VO5,TRẮNG,71_VO5_TRẮNG,15.660,15.660.000,1.000,TT,Tháng 3,Tuần 2,13/03/2026,14/03/2026,13/03/2026,1010,"101,00%",Đúng hạn,Hoàn thành,,,,,,,,,
72,NEW IN,NEWIN,NORF,,PO301,TRẮNG,72_PO301_TRẮNG,135.000,108.000.000,800,TLN,Tháng 4,Tuần 1,03/04/2026,04/04/2026,03/04/2026,799,"99,88%",Đúng hạn,Hoàn thành,,,,,,,,,
74,RESTOCK,CHỦ LỰC,TRAVIS,,PO98,NAVY,74_PO98_NAVY,124.200,62.100.000,500,AT,Tháng 4,Tuần 4,21/04/2026,22/04/2026,21/04/2026,491,"98,20%",Đúng hạn,Hoàn thành,,,,,,,,,
77,NEW IN,NEWIN,LINE,,PO303,NAVY,77_PO303_NAVY,139.320,111.456.000,800,AT,Tháng 4,Tuần 1,02/04/2026,03/04/2026,11/04/2026,798,100%,Trễ hạn,Hoàn thành,,,,,,,,,
78,NEW IN,NEWIN,TRAVIS,,PO98,CAFE,78_PO98_CAFE,125.280,100.224.000,800,AT,Tháng 4,Tuần 1,02/04/2026,03/04/2026,04/04/2026,772,"96,50%",Đúng hạn,Hoàn thành(thiếu),HOÀN THÀNH,,,,,,,,
84,RESTOCK,CHỦ LỰC,SHORT KAKI,,PO99,ĐEN,84_PO99_ĐEN,112.000,96.320.000,860,LC,Tháng 3,Tuần 4,26/03/2026,27/03/2026,28/03/2026,890,"103,49%",Đúng hạn,Hoàn thành,,,,,,,,,
85,RESTOCK,CHỦ LỰC,KAKI SD,,PO126,NÂU,85_PO126_NÂU,123.000,61.500.000,500,LC,Tháng 3,Tuần 4,26/03/2026,27/03/2026,28/03/2026,499,"99,80%",Đúng hạn,Hoàn thành,,,,,,,,,
86,RESTOCK,CHỦ LỰC,QUẦN TÂY LƯNG CHUN,,PO86,ĐEN,86_PO86_ĐEN,153.000,85.527.000,559,LC,Tháng 3,Tuần 4,26/03/2026,27/03/2026,28/03/2026,553,"98,93%",Đúng hạn,Hoàn thành,,,,,,,,,
90,RESTOCK,DUY TRÌ,CLASSIC DIAMOND V2,,PO276,ĐỎ NÂU,90_PO276_ĐỎ NÂU,128.520,102.816.000,800,AT,Tháng 4,Tuần 3,13/04/2026,14/04/2026,15/04/2026,649,"81,13%",Đúng hạn,Hoàn thành(thiếu),HOÀN THÀNH,,,,,,,,
91,RESTOCK,DUY TRÌ,BASIC SYMBOL,,PO88,BE,91_PO88_BE,112.860,90.288.000,800,TLN,Tháng 4,Tuần 4,20/04/2026,21/04/2026,20/04/2026,787,"98,38%",Đúng hạn,Hoàn thành,,,,,,,,,
94,RESTOCK,DUY TRÌ,WICK,,PO226,BE ĐẬM,94_PO226_BE ĐẬM,126.576,101.260.800,800,TLN,Tháng 4,Tuần 3,16/04/2026,17/04/2026,17/04/2026,793,"99,13%",Đúng hạn,Hoàn thành,,,,,,,,,
95,RESTOCK,DUY TRÌ,JAY,,PO201,KEM NHẠT,95_PO201_KEM NHẠT,121.284,97.027.200,800,TLN,Tháng 4,Tuần 3,16/04/2026,17/04/2026,17/04/2026,414,"51,75%",Đúng hạn,Hoàn thành(thiếu),HOÀN THÀNH,,,,,,,,
97,RESTOCK,CHỦ LỰC,SHORT KAKI,,PO99,ĐEN,97_PO99_ĐEN,112.000,89.600.000,800,LC,Tháng 4,Tuần 2,10/04/2026,11/04/2026,10/04/2026,800,"100,00%",Đúng hạn,Hoàn thành,,,,,,,,,
98,RESTOCK,CHỦ LỰC,SHORT KAKI,,PO99,TRẮNG,98_PO99_TRẮNG,112.000,86.240.000,770,LC,Tháng 4,Tuần 2,10/04/2026,11/04/2026,10/04/2026,706,"91,69%",Đúng hạn,Hoàn thành(thiếu),HOÀN THÀNH,,,,,,,,
99,RESTOCK,CHỦ LỰC,KAKI SD,,PO126,ĐEN,99_PO126_ĐEN,123.000,94.710.000,770,LC,Tháng 4,Tuần 2,08/04/2026,09/04/2026,08/04/2026,853,"110,78%",Đúng hạn,Hoàn thành,,,,,,,,,
100,RESTOCK,CHỦ LỰC,KAKI SD,,PO126,BE,100_PO126_BE,123.000,45.510.000,370,LC,Tháng 4,Tuần 2,08/04/2026,09/04/2026,08/04/2026,460,"124,32%",Đúng hạn,Hoàn thành,,,,,,,,,
101,RESTOCK,CHỦ LỰC,KAKI SD,,PO126,NÂU,101_PO126_NÂU,123.000,109.470.000,890,LC,Tháng 4,Tuần 4,22/04/2026,23/04/2026,22/04/2026,949,"106,63%",Đúng hạn,Hoàn thành,,,,,,,,,
102,RESTOCK,CHỦ LỰC,JEAN STRAIGHT,,PO216,XANH NHẠT,102_PO216_XANH NHẠT,180.000,52.920.000,294,LC,Tháng 4,Tuần 1,03/04/2026,04/04/2026,03/04/2026,287,"97,62%",Đúng hạn,Hoàn thành,,,,,,,,,
103,RESTOCK,CHỦ LỰC,QUẦN TÂY LƯNG CHUN,,PO86,BE,103_PO86_BE,153.000,87.669.000,573,LC,Tháng 4,Tuần 4,22/04/2026,23/04/2026,22/04/2026,560,"97,73%",Đúng hạn,Hoàn thành,,,,,,,,,
104,RESTOCK,CHỦ LỰC,SHORT KAKI,,PO99,BE ĐẬM,104_PO99_BE ĐẬM,123.120,73.872.000,600,LC,Tháng 4,Tuần 4,22/04/2026,23/04/2026,22/04/2026,600,"100,00%",Đúng hạn,Hoàn thành,,,,,,,,,
105,RESTOCK,CHỦ LỰC,QUẦN TÂY LƯNG CHUN,,PO86,"ĐEN
","105_PO86_ĐEN
",168.480,101.088.000,600,LC,Tháng 4,Tuần 4,22/04/2026,23/04/2026,22/04/2026,739,"123,17%",Đúng hạn,Hoàn thành,,,,,,,,,
106,RESTOCK,CHỦ LỰC,KAKI STRAIGHT,,PO249,BE,106_PO249_BE,194.400,97.200.000,500,LC,Tháng 4,Tuần 5,28/04/2026,29/04/2026,28/04/2026,461,"92,20%",Đúng hạn,Hoàn thành(thiếu),HOÀN THÀNH,,,,,,,,
107,RESTOCK,CHỦ LỰC,KAKI STRAIGHT,,PO249,ĐEN,107_PO249_ĐEN,194.400,97.200.000,500,LC,Tháng 4,Tuần 5,28/04/2026,29/04/2026,28/04/2026,458,"91,60%",Đúng hạn,Hoàn thành(thiếu),HOÀN THÀNH,,,,,,,,
108,RESTOCK,CHỦ LỰC,KAKI STRAIGHT,,PO249,NÂU,108_PO249_NÂU,194.400,97.200.000,500,LC,Tháng 4,Tuần 5,28/04/2026,29/04/2026,28/04/2026,525,"105,00%",Đúng hạn,Hoàn thành,,,,,,,,,
110,RESTOCK,DUY TRÌ,Sơ mi OXFORD PREMIUM,,PO252,TRẮNG 02,110_PO252_TRẮNG 02,150.120,120.096.000,800,GLX,Tháng 4,Tuần 5,27/04/2026,28/04/2026,27/04/2026,795,"99,38%",Đúng hạn,Hoàn thành,,,,,,,,,
112,RESTOCK,DUY TRÌ,Sơ mi OXFORD PREMIUM,,PO252,XANH NHẠT 07,112_PO252_XANH NHẠT 07,150.120,120.096.000,800,GLX,Tháng 4,Tuần 5,27/04/2026,28/04/2026,27/04/2026,730,"91,25%",Đúng hạn,Hoàn thành,,,,,,,,,
113,NEW IN,NEWIN,Sơ mi OXFORD PREMIUM,,PO252,BE,113_PO252_BE,150.120,120.096.000,800,GLX,Tháng 4,Tuần 5,27/04/2026,28/04/2026,27/04/2026,790,"98,75%",Đúng hạn,Hoàn thành,,,,,,,,,
116,RESTOCK,DUY TRÌ,Sơ mi POPLIN,,PO258,ĐEN 147,116_PO258_ĐEN 147,149.580,89.748.000,600,GLX,Tháng 4,Tuần 4,23/04/2026,24/04/2026,24/04/2026,601,"100,17%",Trễ hạn,Hoàn thành,,,,,,,,,
241,RESTOCK,PHỄU,VỚ LOGO,,VO5,TRẮNG,241_VO5_TRẮNG,11.000,22.000.000,2.000,HN KNIT,Tháng 4,Tuần 2,11/04/2026,12/04/2026,02/04/2026,2000,"100,00%",Đúng hạn,Hoàn thành,,,,,,,,,
242,RESTOCK,PHỄU,VỚ LOGO,,VO5,ĐEN,242_VO5_ĐEN,11.000,22.000.000,2.000,HN KNIT,Tháng 4,Tuần 2,11/04/2026,12/04/2026,02/04/2026,1975,"98,75%",Đúng hạn,Hoàn thành,,,,,,,,,
249,RESTOCK,CHỦ LỰC,BASIC SYMBOL,,PO88,TRẮNG,249_PO88_TRẮNG,112.860,62.073.000,550,TLN,Tháng 3,Tuần 4,27/03/2026,28/03/2026,27/03/2026,552,"100,36%",Đúng hạn,Hoàn thành,,,,,,,,,